individual_id,individual_local_identifier,timestamp,location_lat,location_long,visible,individual_taxon_canonical_name
24563363,Louis / DER AU050 (eobs 3264),2026-08-29 18:00:29.000,41.659405,0.9451428,true,Ciconia ciconia
24563363,Louis / DER AU050 (eobs 3264),2026-08-30 18:00:29.000,41.6984047,0.9348259,true,Ciconia ciconia
24563363,Louis / DER AU050 (eobs 3264),2026-08-31 18:00:29.000,41.6634824,0.9540017,true,Ciconia ciconia
24563363,Louis / DER AU050 (eobs 3264),2026-09-01 18:00:29.000,41.6983188,0.905063,true,Ciconia ciconia
24563363,Louis / DER AU050 (eobs 3264),2026-09-02 18:00:29.000,41.687446,0.9697857,true,Ciconia ciconia
24563363,Louis / DER AU050 (eobs 3264),2026-09-03 18:00:29.000,41.6583722,0.9524596,true,Ciconia ciconia
24563363,Louis / DER AU050 (eobs 3264),2026-09-04 18:00:29.000,41.6576913,0.951137,true,Ciconia ciconia
24563363,Louis / DER AU050 (eobs 3264),2026-09-05 18:00:29.000,41.659577,0.945452,true,Ciconia ciconia
24563363,Louis / DER AU050 (eobs 3264),2026-09-06 18:00:29.000,41.6637297,0.9339606,true,Ciconia ciconia
24563363,Louis / DER AU050 (eobs 3264),2026-09-07 18:00:29.000,41.6636979,0.9338784,true,Ciconia ciconia
24563363,Louis / DER AU050 (eobs 3264),2026-09-08 18:00:29.000,41.6578424,0.9510987,true,Ciconia ciconia
24563363,Louis / DER AU050 (eobs 3264),2026-09-09 18:00:30.000,41.6637436,0.9338899,true,Ciconia ciconia
24563363,Louis / DER AU050 (eobs 3264),2026-09-10 18:00:29.000,41.6639247,0.9427492,true,Ciconia ciconia
24563363,Louis / DER AU050 (eobs 3264),2026-09-11 18:00:29.000,41.6635322,0.9338339,true,Ciconia ciconia
24563363,Louis / DER AU050 (eobs 3264),2026-09-12 18:00:29.000,41.6637003,0.9339274,true,Ciconia ciconia
24563363,Louis / DER AU050 (eobs 3264),2026-09-13 18:00:29.000,41.66372,0.9339975,true,Ciconia ciconia
24563363,Louis / DER AU050 (eobs 3264),2026-09-14 18:00:29.000,41.6631052,0.9369486,true,Ciconia ciconia
24563363,Louis / DER AU050 (eobs 3264),2026-09-15 18:00:29.000,41.6638262,0.933924,true,Ciconia ciconia
24563363,Louis / DER AU050 (eobs 3264),2026-09-16 18:00:29.000,41.6638079,0.9339468,true,Ciconia ciconia
24563363,Louis / DER AU050 (eobs 3264),2026-09-17 18:00:29.000,41.6637193,0.9339337,true,Ciconia ciconia
24563363,Louis / DER AU050 (eobs 3264),2026-09-18 18:00:29.000,41.6637648,0.9339648,true,Ciconia ciconia
24563363,Louis / DER AU050 (eobs 3264),2026-09-19 18:00:29.000,41.6576327,0.9512229,true,Ciconia ciconia
24563363,Louis / DER AU050 (eobs 3264),2026-09-20 18:00:29.000,41.6636576,0.9338639,true,Ciconia ciconia
24563363,Louis / DER AU050 (eobs 3264),2026-09-21 18:00:29.000,41.6636626,0.9338867,true,Ciconia ciconia
24563363,Louis / DER AU050 (eobs 3264),2026-09-22 18:00:29.000,41.6405723,0.9923612,true,Ciconia ciconia
24563363,Louis / DER AU050 (eobs 3264),2026-09-23 18:00:29.000,41.6424065,0.993914,true,Ciconia ciconia
24563363,Louis / DER AU050 (eobs 3264),2026-09-24 18:00:29.000,41.663731,0.9339284,true,Ciconia ciconia
24563363,Louis / DER AU050 (eobs 3264),2026-09-25 18:00:53.000,41.718541,0.9769469,true,Ciconia ciconia
24563363,Louis / DER AU050 (eobs 3264),2026-09-26 18:00:29.000,41.7186199,0.9759903,true,Ciconia ciconia
24563363,Louis / DER AU050 (eobs 3264),2026-09-27 18:00:29.000,41.718609,0.9759937,true,Ciconia ciconia
24563363,Louis / DER AU050 (eobs 3264),2026-09-28 10:30:29.000,41.6577823,0.9512196,true,Ciconia ciconia
