individual_local_identifier,taxon,newest_downloadable_fix,reference_timestamp_end
H215006,Asio flammeus,2026-03-27 19:57:51.000,2026-04-11 21:02:02.000
,,2025-10-14 06:18:23.000,
L184877,Circus aeruginosus,2025-09-09 23:54:37.000,2025-09-09 23:54:37.000
E491305,Circus pygargus,2025-08-28 23:16:33.000,2025-08-28 23:16:33.000
L177802,Circus aeruginosus,2025-08-27 09:25:05.000,2026-09-28 03:42:09.000
E464119,Circus pygargus,2025-05-01 16:52:29.000,2025-05-01 16:52:29.000
L178485,Circus cyaneus,2024-11-03 13:32:41.000,2024-11-03 13:32:41.000
E459160,Circus pygargus,2024-09-04 15:54:23.000,2024-09-04 15:54:23.000
L184878,Circus aeruginosus,2024-08-01 05:50:05.000,2024-08-01 05:50:05.000
H215010,Asio flammeus,2024-05-09 13:49:26.000,2024-05-09 13:49:26.000
E464112,Circus cyaneus,2024-03-31 08:16:33.000,2024-03-31 08:16:33.000
E464102,Circus cyaneus,2024-03-16 12:29:08.000,2024-03-16 12:29:08.000
E464110,Circus pygargus,2024-01-05 11:52:02.000,2024-01-05 11:52:02.000
E448932,Circus pygargus,2023-10-30 10:56:32.000,2023-10-30 10:56:32.000
H200726,Circus aeruginosus,2023-09-25 11:57:05.000,2023-09-25 11:57:05.000
L174747,Circus aeruginosus,2023-09-13 13:05:37.000,2023-09-13 13:05:37.000
H209700,Circus aeruginosus,2023-07-14 11:59:48.000,2023-07-14 11:59:48.000
E491304,Circus pygargus,2023-05-23 07:23:51.000,2023-05-23 07:23:51.000
L177822,Circus cyaneus,2022-11-03 03:59:40.000,2022-11-03 03:59:40.000
H200707,Buteo buteo,2022-10-29 11:50:11.000,2022-10-29 11:50:11.000
E464107,Circus cyaneus,2022-10-22 17:49:08.000,2022-10-22 17:49:08.000
L177820,Circus aeruginosus,2022-06-20 02:27:59.000,2022-06-20 02:27:59.000
Arnhem 3806.696,Circus pygargus,2022-03-24 23:16:03.000,2022-03-24 23:16:03.000
E464103,Circus cyaneus,2021-12-07 03:56:56.000,2021-12-07 03:56:56.000
L177819,Circus aeruginosus,2021-08-08 03:38:35.000,2021-08-08 03:38:35.000
L177811,Circus cyaneus,2021-05-06 18:00:03.000,2021-05-06 18:00:03.000
E186488,Circus pygargus,2021-04-26 05:57:34.000,2021-04-26 05:57:34.000
L177870,Circus cyaneus,2021-02-02 12:32:27.000,2021-02-02 12:32:27.000
H197221,Asio flammeus,2020-12-05 10:11:28.000,2020-12-05 10:11:28.000
H197179,Asio flammeus,2020-10-24 04:07:32.000,2020-10-24 04:07:32.000
H197182,Asio flammeus,2020-10-20 19:53:33.000,2020-10-20 19:53:33.000
E456565,Circus pygargus,2020-09-30 16:59:23.000,2020-09-30 16:59:23.000
