id,name,citation,license_type,go_public_date,suspend_license_terms,i_can_see_data,there_are_data_which_i_cannot_see,i_have_download_access,timestamp_first_deployed_location,timestamp_last_deployed_location,number_of_deployed_locations,number_of_individuals,taxon_ids,sensor_type_ids,contact_person_name,main_location_lat,main_location_long,is_test
24442409,LifeTrack White Stork Bavaria,"Fiedler W, Leppelsack E, Leppelsack H, Stahl T, Wieding O, Wikelski M. 2024. Data from: Study ""LifeTrack White Stork Bavaria"" (2014-2023). Movebank Data Repository. <a href=""https://doi.org/10.5441/001/1.v1cs4nn0_2"" target=""_blank"">https://doi.org/10.5441/001/1.v1cs4nn0_2</a> <br><br> Aikens EO, Nourani E, Fiedler W, Wikelski M, Flack A. 2024. Learning shapes the development of migratory behavior. Proc Natl Acad Sci USA. 121(12):e2306389121. https://doi.org/10.1073/pnas.2306389121<br><br> Brønnvik H, Nourani E, Fiedler W, Flack A. 2024. Experience reduces reliance on availability of conspecifics for route selection by a collectively migrating soaring bird. Curr Biol. 34(9):2030-2037.e3. https://doi.org/10.1016/j.cub.2024.03.052<br><br> Kays R, Davidson SC, Berger M, Bohrer G, Fiedler W, Flack A, Hirt J, Hahn C, Gauggel D, Russell B, et al. 2022. The Movebank system for studying global animal movement and demography. Methods Ecol Evol. 13(2):419-431. https://doi.org/10.1111/2041-210X.13767<br><br> Cheng Y, Fiedler W, Wikelski M, Flack A. 2019. ""Closer-to-home"" strategy benefits juvenile survival in a long-distance migratory bird. Ecology and Evolution. 9(16): 8945–8952. https://doi.org/10.1002/ece3.5395",CC_BY,,false,true,false,true,2014-06-23 07:05:08.000,2026-09-26 15:05:10.000,7538577,91,Ciconia ciconia,"GPS,Acceleration,Accessory Measurements,Magnetometer,Orientation",myotis (Wolfgang Fiedler),49.8353252629665,10.8242797851562,false
1841091905,"CURLEW_VLAANDEREN - Eurasian curlews (Numenius arquata, Scolopacidae) breeding in Flanders (Belgium)","Spanoghe G, Janssens K, Nijs G, Govaert S, Milotic T, Desmet P (2021) CURLEW_VLAANDEREN - Eurasian curlews (Numenius arquata, Scolopacidae) breeding in Flanders (Belgium). Dataset. <a target=""_blank"" href=""https://doi.org/10.5281/zenodo.5779130"">https://doi.org/10.5281/zenodo.5779130</a>",CC_0,,true,true,false,true,2020-05-05 18:05:51.000,2026-09-22 12:32:15.000,414306,5,Numenius arquata,GPS,peterdesmet (Peter Desmet),50.8,4.933,false
2201086728,European Honey Buzzard_Finland,,CC_BY_NC,,false,true,false,true,2022-07-28 09:31:23.000,2026-09-27 09:00:51.000,9893216,32,Pernis apivorus,"GPS,Acceleration,Magnetometer,Orientation",mahle68 (Elham Nourani),60.6301017662664,25.0488281249993,false
8739749420,MPIAB ELSA 2.0 White Stork Bavaria (2026ff),,CUSTOM,,false,true,false,false,2026-05-26 11:42:00.000,2026-09-28 10:44:00.000,162507,100,"Ciconia ciconia,Homo sapiens","GPS,Accessory Measurements",myotis (Wolfgang Fiedler),49.0954521625347,11.6015624999985,false
8702046608,MPIAB ELSA 2.0 White Stork Rheinland-Pfalz (2026ff),,CUSTOM,,false,true,false,false,2026-05-20 12:01:00.000,2026-09-28 11:00:00.000,265800,155,Ciconia ciconia,GPS,myotis (Wolfgang Fiedler),49.2032427441797,8.21090698242175,false
1176017658,LifeTrack White Stork SW Germany CASCB,"A portion of these data are published as<br> Bontekoe ID, Fiedler W, Wikelski M, Flack A. 2023. Data from: The price of being late: short- and long-term consequences of a delayed migration timing [naturally-timed birds]. Movebank Data Repository. <a href=""https://www.doi.org/10.5441/001/1.277"" target=""_blank"">https://www.doi.org/10.5441/001/1.277</a> <br><br> These data are described in<br> Bontekoe ID, Hilgartner R, Fiedler W, Flack A. 2023. The price of being late: short- and long-term consequences of a delayed migration timing. Proc Royal Soc B. 290:20031268. https://doi.org/10.1098/rspb.2023.1268<br><br>Brønnvik H, Nourani E, Fiedler W, Flack A. 2024. Experience reduces reliance on availability of conspecifics for route selection by a collectively migrating soaring bird. Curr Biol. 34(9):2030-2037.e3. https://doi.org/10.1016/j.cub.2024.03.052",CUSTOM,,false,true,false,false,2020-06-08 09:15:09.000,2026-09-22 10:02:46.000,91466033,216,Ciconia ciconia,"GPS,Acceleration,Magnetometer,Orientation,Gyroscope",myotis (Wolfgang Fiedler),48.8492698057133,8.2722115516667,false
1278021460,"BOP_RODENT - Rodent specialized birds of prey (Circus, Asio, Buteo) in Flanders (Belgium)","Spanoghe G, Janssens K, Klaassen R, Schaub T, Govaert S, Milotic T, Desmet P (2021) BOP_RODENT - Rodent specialized birds of prey (Circus, Asio, Buteo) in Flanders (Belgium). Dataset. <a target=""_blank"" href=""https://doi.org/10.5281/zenodo.5735405"">https://doi.org/10.5281/zenodo.5735405</a>",CC_0,,true,true,false,true,2020-03-18 07:52:33.000,2026-09-24 09:23:20.000,4739420,45,"Buteo buteo,Circus cyaneus,Circus pygargus,Asio flammeus,Circus aeruginosus",GPS,peterdesmet (Peter Desmet),51.313,4.265,false
8732924035,MPIAB ELSA 2.0 White Stork Bad-Wuertt (2026ff),,CUSTOM,,false,true,false,false,2026-05-22 11:42:00.000,2026-09-28 10:59:00.000,390704,214,Ciconia ciconia,GPS,myotis (Wolfgang Fiedler),48.6329085858954,8.96484375000068,false
1229945587,Common Crane 2020 (Lithuanian University of Educational Studies; LEU),Unpublished & ongoing study by Lithuanian University of Educational Sciences (LEU),CC_0,,false,true,false,true,2020-08-07 06:56:14.000,2026-09-20 01:59:13.000,201055,2,Grus grus,GPS,AlexPerzhu (Aleksej Perzhu),54.627748288811,24.6328067779555,false
10449318,LifeTrack White Stork Loburg,"Data from study ""LifeTrack White Stork Loburg"" in www.movebank.org by Max Planck Institute of Animal Behavior (Radolfzell, Germany), Hebrew University of Jerusalem (Israel), University of Potsdam (Germany) and Storchenhof Loburg (Germany)",CC_BY,,true,true,false,true,2013-07-03 09:10:56.000,2026-09-27 16:00:38.000,4355214,41,"Ciconia ciconia,Homo sapiens","GPS,Acceleration",myotis (Wolfgang Fiedler),52.0778180120855,12.0849609375,false
4809963363,NABU FTZ White Stork Hamburg 2019-2020,,CC_BY_NC,,false,true,false,true,2019-05-23 13:00:10.001,2026-09-21 18:00:32.000,3256315,12,Ciconia ciconia,"GPS,Acceleration",stefangarthe (Stefan Garthe),53.4345738523525,10.1966857910151,false
864730855,NABU FTZ White Stork Hamburg 2024,,CC_BY_NC,,false,true,false,true,2024-07-26 12:55:15.000,2026-09-22 12:00:33.000,677865,6,Ciconia ciconia,"GPS,Acceleration",stefangarthe (Stefan Garthe),53.4373553807668,10.1644134521484,false
186178781,Raptors NABU Moessingen public,,CC_BY,,true,true,false,true,2016-08-04 11:15:53.000,2026-09-19 18:30:07.000,3275891,3,"Pernis apivorus,Gyps fulvus","GPS,Acceleration,Magnetometer,Orientation",myotis (Wolfgang Fiedler),48.386297207224,9.07771110534668,false
212096177,LifeTrack White Stork Oberschwaben,"Fiedler W, Flack A, Schmid A, Reinhard U, Wikelski M. 2024. Data from: Study ""LifeTrack White Stork Oberschwaben"" (2014-2023). Movebank Data Repository. <a href=""https://doi.org/10.5441/001/1.c42j3js7_2"" target=""_blank"">https://doi.org/10.5441/001/1.c42j3js7_2</a> <br><br> These data are described in<br> Aikens EO, Nourani E, Fiedler W, Wikelski M, Flack A. 2024. Learning shapes the development of migratory behavior. Proc Natl Acad Sci USA. 121(12):e2306389121. https://doi.org/10.1073/pnas.2306389121<br><br> Brønnvik H, Nourani E, Fiedler W, Flack A. 2024. Experience reduces reliance on availability of conspecifics for route selection by a collectively migrating soaring bird. Curr Biol. 34(9):2030-2037.e3. https://doi.org/10.1016/j.cub.2024.03.052<br><br> Kays R, Davidson SC, Berger M, Bohrer G, Fiedler W, Flack A, Hirt J, Hahn C, Gauggel D, Russell B, et al. 2021. The Movebank system for studying global animal movement and demography. Methods Ecol Evol. https://doi.org/10.1111/2041-210X.13767<br><br> Cheng Y, Fiedler W, Wikelski M, Flack A. 2019. ""Closer-to-home"" strategy benefits juvenile survival in a long-distance migratory bird. Ecology and Evolution. 9(16): 8945–8952. https://doi.org/10.1002/ece3.5395",CC_BY,,false,true,false,true,2014-06-10 15:50:06.000,2026-09-25 10:02:01.000,2580589,18,Ciconia ciconia,"GPS,Acceleration,Accessory Measurements,Magnetometer,Orientation,Heart Rate",myotis (Wolfgang Fiedler),48.012,9.02,false
1562253659,LifeTrack White Stork Sarralbe [ID_PROG 1093],"Data from study ""LifeTrack White Stork Sarralbe"" in www.movebank.org by Max Planck Institute of Animal Behavior (Radolfzell, Germany) and Comune de Sarralbe",CC_0,,true,true,false,true,2021-06-06 00:29:41.000,2026-08-31 09:07:24.000,803265,7,Ciconia ciconia,"GPS,Acceleration,Magnetometer,Orientation",myotis (Wolfgang Fiedler),48.9996886863756,7.02841845124421,false
173641633,LifeTrack White Stork Vorarlberg,"Fiedler W, Niederer W, Schönenberger A, Flack A, Wikelski M. 2024. Data from: Study ""LifeTrack White Stork Vorarlberg"" (2016-2023). Movebank Data Repository. <a href=""https://doi.org/10.5441/001/1.71r7pp6q_2"" target=""_blank"">https://doi.org/10.5441/001/1.71r7pp6q_2</a> <br><br> These data are described in<br> Aikens EO, Nourani E, Fiedler W, Wikelski M, Flack A. 2024. Learning shapes the development of migratory behavior. Proc Natl Acad Sci USA. 121(12):e2306389121. https://doi.org/10.1073/pnas.2306389121<br><br>Brønnvik H, Nourani E, Fiedler W, Flack A. 2024. Experience reduces reliance on availability of conspecifics for route selection by a collectively migrating soaring bird. Curr Biol. 34(9):2030-2037.e3. https://doi.org/10.1016/j.cub.2024.03.052<br><br> Cheng Y, Fiedler W, Wikelski M, Flack A. 2019. ""Closer-to-home"" strategy benefits juvenile survival in a long-distance migratory bird. Ecology and Evolution. 9(16): 8945–8952. https://doi.org/10.1002/ece3.5395",CC_BY,,false,true,false,true,2016-06-13 12:25:07.000,2026-09-24 18:30:18.000,10414450,28,Ciconia ciconia,"GPS,Acceleration,Magnetometer,Orientation",myotis (Wolfgang Fiedler),47.3933137526206,9.70012664445676,false
21231406,LifeTrack White Stork SW Germany,"Fiedler W, Flack A, Schäfle W, Keeves B, Quetting M, Eid B, Schmid H, Wikelski M. 2024. Data from: Study ""LifeTrack White Stork SW Germany"" (2013-2023). Movebank Data Repository. <a href=""https://doi.org/10.5441/001/1.ck04mn78_2"" target=""_blank"">https://doi.org/10.5441/001/1.ck04mn78_2</a> <br><br> These data are described in<br> Aikens EO, Nourani E, Fiedler W, Wikelski M, Flack A. 2024. Learning shapes the development of migratory behavior. Proc Natl Acad Sci USA. 121(12):e2306389121. https://doi.org/10.1073/pnas.2306389121<br><br>Kays R, Davidson SC, Berger M, Bohrer G, Fiedler W, Flack A, Hirt J, Hahn C, Gauggel D, Russell B, et al. 2022. The Movebank system for studying global animal movement and demography. Methods Ecol Evol. 13(2):419-431. https://doi.org/10.1111/2041-210X.13767 <br><br> Cheng Y, Fiedler W, Wikelski M, Flack A. 2019. ""Closer-to-home"" strategy benefits juvenile survival in a long-distance migratory bird. Ecology and Evolution. 9(16): 8945–8952. https://doi.org/10.1002/ece3.5395  <br><br> Flack A, Fiedler W, Blas J, Pokrovski I, Kaatz M, Mitropolsky M, Aghababyan K, Fakriadis Y, Makrigianni E, Jerzak L, et al. 2016. Costs of migratory decisions: a comparison across eight white stork populations. Science Advances. 2(1): e1500931. https://doi.org/10.1126/sciadv.1500931 <br><br> Weinzierl R, Bohrer G, Kranstauber B, Fiedler W, Wikelski M, Flack A. 2016. Wind estimation based on thermal soaring of birds. Ecology and Evolution. 6(24): 8706–8718. https://doi.org/10.1002/ece3.2585 <br><br> Parts of this dataset are also available in studies ""Fall migration of white storks in 2014"" (published as DOI 10.5441/001/1.bj96m274) and ""MPIO white stork lifetime tracking data (2013-2014)"" (published as DOI 10.5441/001/1.78152p3q).",CC_BY,,true,true,false,true,2013-06-24 06:39:34.998,2026-09-27 18:00:29.000,13275717,94,Ciconia ciconia,"GPS,Acceleration",myotis (Wolfgang Fiedler),48.01197512671,9.019775390625,false
76367850,LifeTrack White Stork Rheinland-Pfalz,"Fiedler W, Hilsendegen C, Reis C, Lehmann J, Hilsendegen P, Schmid H, Wikelski M. 2024. Data from: Study ""LifeTrack White Stork Rheinland-Pfalz"" (2015-2023). Movebank Data Repository. <a href=""https://doi.org/10.5441/001/1.4192t2j4_2"" target=""_blank"">https://doi.org/10.5441/001/1.4192t2j4_2</a> <br><br>Aikens EO, Nourani E, Fiedler W, Wikelski M, Flack A. 2024. Learning shapes the development of migratory behavior. Proc Natl Acad Sci USA. 121(12):e2306389121. https://doi.org/10.1073/pnas.2306389121<br><br>Brønnvik H, Nourani E, Fiedler W, Flack A. 2024. Experience reduces reliance on availability of conspecifics for route selection by a collectively migrating soaring bird. Curr Biol. 34(9):2030-2037.e3. https://doi.org/10.1016/j.cub.2024.03.052<br><br>Kays R, Davidson SC, Berger M, Bohrer G, Fiedler W, Flack A, Hirt J, Hahn C, Gauggel D, Russell B, et al. 2022. The Movebank system for studying global animal movement and demography. Methods Ecol Evol. 13(2):419-431. https://doi.org/10.1111/2041-210X.13767<br><br>Cheng Y, Fiedler W, Wikelski M, Flack A. 2019. ""Closer-to-home"" strategy benefits juvenile survival in a long-distance migratory bird. Ecology and Evolution. 9(16): 8945–8952. https://doi.org/10.1002/ece3.5395",CC_BY,,false,true,true,true,2015-06-13 18:00:06.000,2026-09-22 17:00:47.000,18955540,109,"Ciconia ciconia,Homo sapiens","GPS,Acceleration,Magnetometer,Orientation",myotis (Wolfgang Fiedler),49.2213729701727,8.16624405852053,false
